map,global_logloss,per_map_logloss,recommendation,test_count,delta,pct_improvement,chosen_logloss_default,chosen
Ancient,0.7081512926158928,0.7262717036286161,global,55,-0.018120411012723325,-0.025588332891107193,0.7081512926158928,0.7081512926158928
Anubis,0.660025611517756,0.8263027715411169,global,26,-0.1662771600233609,-0.251925314899523,0.660025611517756,0.660025611517756
Dust2,0.6567595157756619,0.7046846653707067,global,59,-0.04792514959504479,-0.07297214344651418,0.6567595157756619,0.6567595157756619
Inferno,0.7053210680213112,0.9482285970971206,global,53,-0.24290752907580937,-0.34439284474694004,0.7053210680213112,0.7053210680213112
Mirage,0.6936139931743319,1.0168762749381373,global,64,-0.32326228176380534,-0.46605501755290724,0.6936139931743319,0.6936139931743319
Nuke,0.6837321082321821,0.8634052190593379,global,51,-0.17967311082715576,-0.26278290673186033,0.6837321082321821,0.6837321082321821
Overpass,0.5767836652764634,0.5245071309725261,per_map,16,0.052276534303937305,0.09063456101670314,0.5245071309725261,0.5767836652764634
Train,0.6726875657556435,0.7596513375135558,global,39,-0.08696377175791237,-0.1292781020267919,0.6726875657556435,0.6726875657556435
